id,name,url
1,cex.io,https://cex.io
2,cex.io,https://cex.io
3,cex.io,https://cex.io
4,cex.io,https://cex.io
5,cex.io,https://cex.io
6,cex.io,https://cex.io
7,cex.io,https://cex.io
8,cex.io,https://cex.io
9,cex.io,https://cex.io
10,cex.io,https://cex.io
11,cex.io,https://cex.io
12,cex.io,https://cex.io
13,cex.io,https://cex.io
14,cex.io,https://cex.io
15,cex.io,https://cex.io
16,cex.io,https://cex.io
17,cex.io,https://cex.io
18,cex.io,https://cex.io
19,cex.io,https://cex.io
20,cex.io,https://cex.io
21,cex.io,https://cex.io
22,cex.io,https://cex.io
23,cex.io,https://cex.io
24,cex.io,https://cex.io
25,cex.io,https://cex.io
26,cex.io,https://cex.io
27,cex.io,https://cex.io
28,cex.io,https://cex.io
29,cex.io,https://cex.io
30,cex.io,https://cex.io
31,cex.io,https://cex.io
32,cex.io,https://cex.io
33,cex.io,https://cex.io
34,cex.io,https://cex.io
35,cex.io,https://cex.io
36,cex.io,https://cex.io
37,cex.io,https://cex.io
38,cex.io,https://cex.io
39,cex.io,https://cex.io
40,cex.io,https://cex.io
41,cex.io,https://cex.io
42,cex.io,https://cex.io
43,cex.io,https://cex.io
44,cex.io,https://cex.io
45,cex.io,https://cex.io
46,cex.io,https://cex.io
47,cex.io,https://cex.io
48,cex.io,https://cex.io
49,cex.io,https://cex.io
50,cex.io,https://cex.io
51,cex.io,https://cex.io
52,cex.io,https://cex.io
53,cex.io,https://cex.io
54,cex.io,https://cex.io
55,cex.io,https://cex.io
56,cex.io,https://cex.io
57,cex.io,https://cex.io
58,cex.io,https://cex.io
59,cex.io,https://cex.io
60,cex.io,https://cex.io
61,cex.io,https://cex.io
62,cex.io,https://cex.io
63,cex.io,https://cex.io
64,cex.io,https://cex.io
65,cex.io,https://cex.io
66,cex.io,https://cex.io
67,cex.io,https://cex.io
68,cex.io,https://cex.io
69,cex.io,https://cex.io
70,cex.io,https://cex.io
71,cex.io,https://cex.io
72,cex.io,https://cex.io
73,cex.io,https://cex.io
74,cex.io,https://cex.io
75,cex.io,https://cex.io
76,cex.io,https://cex.io
77,cex.io,https://cex.io
78,cex.io,https://cex.io
79,cex.io,https://cex.io
80,cex.io,https://cex.io
81,cex.io,https://cex.io
82,cex.io,https://cex.io
83,cex.io,https://cex.io
84,cex.io,https://cex.io
85,cex.io,https://cex.io
86,cex.io,https://cex.io
87,cex.io,https://cex.io
88,cex.io,https://cex.io
89,cex.io,https://cex.io
90,cex.io,https://cex.io
91,cex.io,https://cex.io
92,cex.io,https://cex.io
93,cex.io,https://cex.io
94,cex.io,https://cex.io
95,cex.io,https://cex.io
96,cex.io,https://cex.io
97,cex.io,https://cex.io
98,cex.io,https://cex.io
99,cex.io,https://cex.io
100,cex.io,https://cex.io
101,cex.io,https://cex.io
102,cex.io,https://cex.io
103,cex.io,https://cex.io
104,cex.io,https://cex.io
105,cex.io,https://cex.io
106,cex.io,https://cex.io
107,cex.io,https://cex.io
108,cex.io,https://cex.io
109,cex.io,https://cex.io
110,cex.io,https://cex.io
111,cex.io,https://cex.io
112,cex.io,https://cex.io
113,cex.io,https://cex.io
