id,name
1,ted
2,ned
3,zed
4,gez
5,bez
6,bez
7,bez
8,bez
9,bez
10,bez
11,bez
12,bez
13,bez
14,bez
15,bez
16,bez
17,bez
18,bez
19,bez
20,bez
21,bez
22,bez
23,bez
24,bez
25,bez
26,bez
27,bez
28,bez
29,bez
30,bez
31,bez
32,bez
33,bez
34,bez
35,bez
36,bez
37,bez
38,bez
39,bez
40,bez
41,bez
42,bez
43,bez
44,bez
45,bez
46,bez
47,bez
48,bez
49,bez
50,bez
51,bez
52,bez
53,bez
54,bez
55,bez
56,bez
57,bez
58,bez
59,bez
60,bez
61,bez
62,bez
63,bez
64,bez
65,bez
66,bez
67,bez
68,bez
69,bez
70,bez
71,bez
72,bez
73,bez
74,bez
75,bez
76,bez
77,bez
78,bez
79,bez
80,bez
81,bez
82,bez
83,bez
84,bez
85,bez
86,bez
87,bez
88,bez
89,bez
90,bez
91,bez
92,bez
93,bez
94,bez
95,bez
96,bez
97,bez
98,bez
99,bez
100,bez
101,bez
102,bez
103,bez
104,bez
105,bez
106,bez
107,bez
108,bez
109,bez
110,bez
111,bez
112,bez
113,bez
